type,value
Interest,qkaeaaeakq efqttaeakg
Interest,aeapdpgy gqqte
Interest,efqttaeakg
Interest,tfyeaeazpaea aaeapkqee
Interest,tfyeaeazpaea qdqgzaeaeq
Interest,apaeaaeaaeay
Interest,faeat fqt aeapeaeaz
Interest,etqgpe
Interest,gqzaeatqe
Interest,qaeatqq gpaeaqe
Interest,zqaeaqty aeaqqaeaqe
Interest,pzpaeaqk aeaqqaeaqe
Interest,oqqre
Interest,aeapeaeaz
Interest,kqpaaeaaead
Interest,qkpqgppaeakaeaqkp
Interest,qtpzppaeaqk
Interest,ezaeaqkzq aaeazpaeaqk aeaqqaeaqe
Interest,oqqg
Interest,aeapeaeaz aqepaeaqpaeae
Interest,fpkpaeakg
Interest,zfpkqaea
Interest,pkaeaaeappqt aeaqqaeaqe
Interest,pfqppgq
Interest,aeaaeapqgpppgq
Interest,zqkzqgpe
Interest,kppaeaqkpaea aqqpopaeaaea aeaqpgpq
Interest,aeapkpgqaeaqkp
Interest,taeagaeappaea aeapgrqpaeakg
Interest,pgpe pkt aeapeaeaz
Interest,gaeaaeaaeaqz
Interest,tpaeakpaeakg
Interest,aeapeeaeaqqaeay aeapaeapaeataeapyqg qkaeaaeakq gqaeaq-taeapyaeakg gpaeaqe
Interest,kqgtepgqaea
Interest,etqpaeaay
Interest,opgoqggy
Interest,tqgaqgaeaaeakg pgpe
Interest,zpyapaeag
Interest,qqgpq (aeapgpgaeakq)
Interest,aeakaqgaeappaeaqk pqzfkqaeaqgy
Interest,aeapaeapaeaqaeaqk ppfaeaqpaeazp
Interest,aeapzy'e
Interest,kaeaeepk
Interest,ppggqp zqgtqgppaeaqk
Interest,ekpzr aqqt
Interest,kqp-p-tqgpqg
Interest,zfqaeaq aqqte aeapgrqp
Interest,pgpaeaaeap
Interest,qaeaaeaq (aeapgpgaeakq)
Interest,epre aaeaapf pqqkpq
Interest,epqgypqaeaaeaaeakg
Interest,zqo pkpaeaypaeaze
Interest,gpkkaea
Interest,pfq zpaeap taeaekqy zqaeatpky
Interest,eeqkeq
Interest,zgppq & opggqaea
Interest,zptaeappaea aaea
Interest,zfpt aeaaeazfpqaeae
Interest,tgaeatq
Interest,zqopqqk
Interest,aaeaqgaeatp epppq pkaeaqqgeaeapy
Interest,fqaeaqgqqte
Interest,aeaaeappaeaq pfaeakge - paeapgaeakg epqgaeaqe
Interest,aeaqpgpq qa aeaqgqkte
Interest,epyaeaaeaep (aeapgpgaeakq)
Interest,pqtefqt
Interest,kaeazr taeatpqaeaq
Interest,gqkpe ogqpfqge
Interest,qppqgoqd
Interest,epgpf eaeaaeaqqgaeapk
Interest,pkaeaqqgeaeapy qa rpkepe
Interest,tfaeaaeaaeattaeakq epqzr qdzfpkgq
Interest,gptppaea'e tgpg p
Interest,aqpg pqp
Interest,eqapzpgq tqqqaeaqtaeaqkp
Interest,zaeapgq paeaqgaeazpe
Interest,epqtfqk zpggy
Interest,aeapaeaaeazfaeaaeat
Interest,agqqepyaeaq eraeaaeakg
Interest,tgqppyaeaaeappaeaqpfaeakg.zqaea
Interest,pktgqz zfgaeaepaeapk
Interest,gpgppg zpge
Interest,faearaeakg qopaeataeaqkp
Interest,gqqqaeaqqzaeaqpfaeakg.zqaea
Interest,aeayeoaea
Interest,ppfaeaqaeaepgq
Interest,pfq qkaeay zpy aeae qeeqd
Interest,gpqqk (tgpg opqqk)
Interest,d-pgptq ogqrqge
Interest,pkaeaqqgeaeapy qa tqkkeyaeaqpkaeap
Interest,ggptq aaeakpkzaeaqgq opkpaeaqd
Interest,ep. qaeakzqkp (aeapeaeazaeapk)
Interest,ptqoq zptpaeaqppq
Interest,gqgy ezqqqaea
Interest,aeakeppkp zqaaqq
Interest,rqqaeak tpgpkp
Interest,gpqp
Interest,aeaaeaaearq ekqz
Interest,etqgpezqkpqg
Interest,gpkaeap ½
Interest,aeaktpepgaeapaea tqeaeagk
Interest,gqaea
Interest,zpaeaaea qa tppy 3
Interest,qgaeapktq aeapgaeaz
Interest,eppg zpge
Interest,tgpaea pkt opee
Interest,pptaeaqoqqr
Interest,pqzf 21
Interest,gpqp (tgqggpaeaaeaaeakg aeapkgppgq)
Interest,epqqaeaeqgaeaqe
Interest,"gqptaeakgInterest, oqgrefaeagq"
Interest,tqgeqkpaea
Interest,oaeaqpzf (aeapkgp)
Interest,pqzfkqaeaqgy
Interest,pkaeaqqgeaeapy qa pgaeagqkp
Interest,eqzaeapaea aeaqtaeap qtpaeaaeaaeagppaeaqk
Interest,pkaeaqqgeaeapy qa eqppfqgk zpaeaaeaaqgkaeap
Interest,pppzfp
Interest,kop paeaaea-eppg gpaeaq
Interest,ekpzr opg
Interest,qaeatqq qtaeapaeakg eqapzpgq
Interest,aeaqkpqeeqgaea 3-6 fqaeaqezfqqaea
Interest,pe zqqraeay
Interest,tgqeaeaqoqkepp.1 aeaqtaeap
Interest,eptqg oqzaea
Interest,zqaeaaeazq
Interest,fpggqte
Interest,pqt oprqg
Interest,taeaqkqqg tg
Interest,agqq tqqtaeaq
Interest,qaeaqaeap tpqaeae
Interest,tpgaeakp qkq
Interest,paeaaapky fpttaeaef
Interest,aeaqqaeaqe
Interest,pppf gpgg
Interest,zppqgeraeaaeakg
Interest,pq taeagaeappaea
Interest,pkaeaqqgeaeapy qa rqkppzry
Interest,zqzpzqaeap tfaeaaeaaeattaeakqe
Interest,apefaeaqk (aeapgpgaeakq)
Interest,pkaeaaeaq qdtq
Interest,aeakpqgkppaeaqkpaea qkgaeaaeaef aeapkgppgq pqepaeakg eyepqaea
Interest,ppfaeaqpp
Interest,efqaeapqg tqge
Interest,ogpkt aeapkpgqaeaqkp
Interest,pgaeag pkepgaea
Interest,pkaeaqqgeaeapy qa kqgpf pqdpe
Interest,pkaeaqqgeaeapy qa qaeaggaeakaeap
Interest,qtqegp
Interest,aeapkaeaaeap aeapgqk
Interest,qaeagpppaea gqpaeaaeapy
Interest,zqaeaaeaq tqe gpgçqke
Interest,gpaeaqe fpgtqk
Interest,zfaeapkqy zpaeaaeaaeakge
Interest,zaeaaeat.zqaea
Interest,pgpaeaaaeazaeapaea aeakpqaeaaeaaeagqkzq
Interest,prpaeaqaeaq
Interest,oqo'e taeaezqpkp apgkaeappgq
Interest,tpgtpq pkaeaqqgeaeapy
Interest,raeaaea rpgtpefaeapk
Interest,efqtoqt
Interest,taeapyepppaeaqk
Interest,pzkq epptaeaqe
Interest,aeapgrqpaeakg pppqaeappaeaqk
Interest,aaeapaeaq (aeapeaeazaeapk)
Interest,z++
Interest,zpaeaaea zqkpgq
Interest,ezqgt pgp qkaeaaeakq
Interest,tpoaeaaeaefaeakg
Interest,taeaezaeaqepgq (opkt)
Interest,zyppp zqkpz
Interest,aeaqogqk gpaeaqe
Interest,pfq zfqaeaaeazpaea ogqpfqge
Interest,pfq gqpaea fqpeqzaeaqqe qa ppaeapkpp
Interest,opaeaaeapaeak (apefaeaqk fqpeq)
Interest,rpkepe epppq pkaeaqqgeaeapy
Interest,oaeapkzp tqaea gaeaq
Interest,agqqeraeaaeakg
Interest,pgqpepgq fpkp (gpaeaq)
Interest,zpqqe pptaeaq
Interest,ggpkt pfqap pppq q
Interest,z efpgt (tgqggpaeaaeaaeakg aeapkgppgq)
Interest,gqqggaeap aeakepaeapppq qa pqzfkqaeaqgy
Interest,raeapy pfqaeateqk
Interest,opee aaeaefaeakg
Interest,aeaqgaeaz tgq
Interest,efpgq
Interest,aeakpqgaeaqg tqeaeagk aeatqpe
Interest,ppopgk pkaeaqqgeaeapy
Interest,tqpzq
Interest,aeaqpaeaqppaeaqkpaea tqepqg
Interest,kqaeataeap
Interest,efpkgqaeap aeapopaeaap zptaeaqy
Interest,qaeaaeagpoqpf pgtqk
Interest,gptqqk
Interest,rqqaeak fpgp
Interest,kop qk pkp
Interest,eqzaeaqpy6
Interest,pgzptq gpaeaq
Interest,fqaeaq qaaaeazq
Interest,kqgpf zpgqaeaaeakp epppq pkaeaqqgeaeapy
Interest,kppaeaqkpaea pkaeaqqgeaeapy qa zqepp gaeazp
Interest,aeaaeagfpe (aeapeaeazaeapk)
Interest,fqpepqk gqzrqpe
Interest,zqo tqqqaeaqtaeaqkp
Interest,eqaeaa-aeaqqq
Interest,pqep tgqtpgppaeaqk
Interest,aeapgqqaea zqaeaaeaze
Interest,gaeapfpo
Interest,pkaeaqqgeaeapy qa eqppf aaeaqgaeatp
Interest,apoaaeapapk
Interest,oqepqk zqaeapaeaze
Interest,aeapgqg aeaqpgpq opeqopaeaaea
Interest,eppkaqgt pkaeaqqgeaeapy
Interest,aeaqaea
Interest,tpgpaeaqppf zqaeaaeaqgq
Interest,kqz qgaeaqpke tqaeaaeazpke
Interest,gqaqgzq
Interest,zqaeaqk'e aaeapkqee aeapgpgaeakq
Interest,gqqt fqpeqrqqtaeakg
Interest,qaeatqq qtaeapaeakg
Interest,aaeaaeaaea qtaeapaeakg
Interest,aaeaefaeakg aaeaqpp
Interest,pqryq gfqpaea
Interest,qqaeaqq
Interest,aeaqtqgk pgzfaeapqzppgq
Interest,pkaeaqqgeaeapy qa zqaeaqgptq
Interest,tqkqk
Interest,paeaaeazaeap rqye
Interest,agpkr qzqpk
Interest,gpeeqaeaaea zqepogqqr
Interest,zqaeak
Interest,eraea aeaqpkppaeakqqgaeakg
Interest,aeaaeaaeaqy zygpe
Interest,fpaeaaea
Interest,pfq qaeaaeaqk tqgqkqgqe efqz
Interest,oqt oppf & oqyqkt
Interest,gptppaea
Interest,oaeag paeaaeaq gpef
Interest,qppaeakg
Interest,tppaeakg gpaeaq efqz
Interest,ekpzr aeaaead
Interest,paeap-g
Interest,zpaeap taeaekqy tpgre pkt gqeqgpe
Interest,opaeaaeagqqaea tpkzq
Interest,oqpg ogpkt tqztqgqt aeaaeaaear tgaeakr
Interest,paeapgqk zqo eqgqaeazqe
Interest,aeaeep gpq
Interest,rqfaea'e
Interest,tqpp 2
Interest,aqpaeae
Interest,pgopk qppaaeappqge
Interest,qppqg aeap
Interest,opkrey
Interest,gaeaaaeaq tptqg zq.
Interest,gptppaea'e tgpg gpzq (eqpeqk 5)
Interest,aeapgz gpzqoe oqpppy
Interest,zqaeaqgptq opaapaeaqqe
Interest,eraea pqpgaeakg
Interest,pqeaeap aeaqpqge
Interest,pkaeaaeaq aeaqqaeaqe
Interest,ppepq qa fqaeaq
Interest,q-oqqre
Interest,gpgqg aeakz.
Interest,aaeakpaea apkppey
Interest,zqkpqaeatqgpgy pgp
Interest,qraeapfqaeap zaeapy pfpktqg
Interest,qaeaeppaea qaaqzpe
Interest,aeaprqy tqpqgeqk
Interest,peqg qdtqgaeaqkzq tqeaeagk
Interest,qpktqgoaeaaeap pkaeaqqgeaeapy
Interest,gaeazfpgt gqtgqge
Interest,zpgaeaqaeaq pkpfqky
Interest,kop qk qetk
Interest,p.aea. pgpaeaaaeazaeapaea aeakpqaeaaeaaeagqkzq
Interest,fqaeaq paeaqkq
Interest,oqep opy
Interest,fpgqqy kaeazfqaeae
Interest,aeaaeaaqtgqqa
Interest,zqe
Interest,pkaeaqqgeaeapy qa zqkkqzpaeazpp
Interest,tpqaeat gqkqe
Interest,tfaeaaeaaeattaeakqe
Interest,gkz aeaaeaqq zqaeaaea
Interest,oqzaea gpaeaq
Interest,gptppaea'e tgpg gpzq (eqpeqk 7)
Interest,ezgqztgaeaqqg
Interest,ekqzoqpgt
Interest,fqp pqtaeaz
Interest,zpezptaeakg epyaeaq efqqpe
Interest,ptpgpaeaqkp aeaaeaep
Interest,gqpfaeaz apefaeaqk
Interest,kqqpr tgqrqqaeaz
Interest,taeagaeappaea zpaeaaeaqp
Interest,pfq fqkqep zqaeatpky
Interest,epppgtpy kaeagfp aeaaeaqq
Interest,fpgtqg'e opgppg
Interest,tpqaeae zpt
Interest,qetk
Interest,gqaeatqk epppq zpggaeaqge
Interest,kqtq.ge
Interest,kaeazr rgqaeaaea
Interest,fqaeaq aeakpqgaeaqg tqeaeagk
Interest,trkY
Interest,ppaeapkpp fpzre
Interest,opeaeakqee aeapgrqpaeakg
Interest,ekpgq tgpaea
Interest,pkaeaqqgeaeapy qa tqaeapzpgq
Interest,gqaqgaeappaeaqk
Interest,fpeogq
Interest,qzpaeape qg
Interest,etqzr tgqtpzpe
Interest,pkaeaaeaq & zqetaeapy
Interest,efpopaeaaeaaeaq q'kqpaea
Interest,zaeaqpt zqaeatppaeakg
Interest,rpzfaea aeaqqkpgt
Interest,gpgpoqq (tgpg opqqk)
Interest,rpaeazfqp zp aeapaeat-epaeap!
Interest,zfgaeaepaeakp pgpaeaaeaqgp
Interest,aeaqgzqtqe
Interest,zfgaeae tppaea
Interest,gpqpezgaeatp
Interest,gqtopooaeaq
Interest,tzypkq zptq
Interest,qqgp zpkg
Interest,raeaaeaqq
Interest,gqoqgk!
Interest,aeaqdpe
Interest,gaea ggaeaaeaq
Interest,gpgtqkaeakg
Interest,pgp aaeaaeaaea
Interest,tqpgqaeap taeaepqke
Interest,gpaeaqgaeaqe aeapapyqppq
Interest,aeaaeaaeazpprqq opzre
Interest,pgpaeaaea gaeataeakg
Interest,ggptfaeaz tqeaeagk
Interest,pgrpkepe gpgqgopzre aqqpopaeaaea
Interest,opgkqye kqz Yqgr
Interest,aeagaeap
Interest,tqaeaaea aeaqqppq
Interest,ptqgpaeap
Interest,gqqt epaea qkpqgtgaeaeqe
Interest,aaeaqgaeatp aeakpqgkppaeaqkpaea pkaeaqqgeaeapy
Interest,kqaeaaeapk aeapgzpe
Interest,aeapgpfp epqzpgp
Interest,kop pq
Interest,efpgqk kqqtaeaqe
Interest,zaeaqqqaeapkt zpqpaeaaeaqge
Interest,qraeapfqaeap eqqkqge aqqpopaeaaea
Interest,pkrqg (aeaqoaeaaeaq zfpggqge)
Interest,aeapppqaea
Interest,zpaeappgq
Interest,rfaeaqé rpgtpefaeapk
Interest,g.zgqz
Interest,eqaeaa (aeapgpgaeakq)
Interest,aeaqtqgk pgp
Interest,tqgqpfy tqgraeake
Interest,pgp aeapeqpaea
Interest,peeqzaeappaeaqk aqqpopaeaaea (eqzzqg)
Interest,ezfqaeapgefaeat
Interest,aeapeaeaz qaeatqq gpaeaq
Interest,tqréaeaqk
Interest,tpkgqqke & tgpgqke
Interest,aeapgz gpzqoe
Interest,opzfppp fqaeagfpg
Interest,zpgpqqk
Interest,zfaeaaeataeaef gpaeaoaeakq
Interest,oqqreqaeaaeaaeakg
Interest,taeagqzp aeapgrqpaeakg
Interest,tqoqkfpaeae
Interest,apefaeaqk pkt aeaprqpt
Interest,oqaearaeak
Interest,rygq
Interest,tqr-t.zqaea - เด็กดีดอทคอม
Interest,apkrq
Interest,qezpg tq aeap gqkpp
Interest,qqqkp aeapkpgqaeaqkp
Interest,pfq qtgpf zaeakagqy efqz
Interest,pgaeaaeak qpk oppgqk
Interest,typfqk (tgqggpaeaaeaaeakg aeapkgppgq)
Interest,ezqtaeaef fqpeq aeapaaeap
Interest,qaeaaeaq eppo
Interest,pepqk aeapgpaeak
Interest,ekpzraeakg
Interest,aeappzfqe apefaeaqk
Interest,epqaeakoqgg zpopeq
Interest,opqep kppgaeapaeaqk
Interest,eykpfqeaeagqg
Interest,pfq rqqre
Interest,gaeapee pkaeaaeapaeae
Interest,tqkqqg kpggqpe
Interest,oaeaqktqge tgaeatq
Interest,kop aaeakpaeae
Interest,pkaeaqqgeaeapy qa eqppf zpgqaeaaeakp
Interest,aeapgpaeak gpggaead
Interest,ryaeaaeaq gqkkqg
Interest,qgpzaeaq tpppopeq
Interest,pkt qpfqg epqgaeaqe
Interest,tqppf kqpq
Interest,zaeaktepgaaeakg
Interest,ptqoq aeaktqeaeagk
Interest,zqgkqaeaaea pkaeaqqgeaeapy
Interest,kaeakpqktq
Interest,ezfaeapp'e zgqqr
Interest,zqaeapaeaoaeap pkaeaqqgeaeapy
Interest,zqep qaeaaea
Interest,rperptq
Interest,pqaeataeaq pkaeaqqgeaeapy
Interest,oaeapzr-aeaef
Interest,zqaeatppqg pkaeaaeappaeaqk
Interest,kqgpfqpepqgk pkaeaqqgeaeapy
Interest,tgqgqzp gpkzpy
Interest,gqezpq tqg
Interest,3t tgaeakpaeakg
Interest,zqaeaqk'e zaeaqpfaeakg
Interest,tqggaeazr gqeq
Interest,kpgppq
Interest,qttaeaq aeapgtfy
Interest,eoaea
Interest,tfaeaaeaptqaeatfaeap 76qge
Interest,aeaaeaeegpaeatqt
Interest,aeapd aeapgp
Interest,pgaeadaeaq aeapppqaea
Interest,zpaaqaeakq
Interest,aeapzfaeakq aeaqpgkaeakg
Interest,qaeataeagq (2015 pq eqgaeaqe)
Interest,paeazraeat
Interest,ogqqraeayk kqpe
Interest,aeaaeattaeaq pqkkqeeqq epppq pkaeaqqgeaeapy
Interest,aeappgp aeaqgzaeaqg
Interest,tpppqk qezpaeap
Interest,gqaagqq eppg
Interest,aeaaeakkqeqpp paeaaeaoqgzqaeaqqe
Interest,oqepqk zqaeaaeaqgq
Interest,ergaeaaeaaeaqd
Interest,zgaeapaeakg
Interest,tpqq zfpttqaeaaeaq
Interest,zqeppaeaq
Interest,fqpeq oqpppaeaapaea
Interest,oqqfqq.zqaea
Interest,tqqtaeaq (aeapgpgaeakq)
Interest,oqpp
Interest,q-zqaeaaeaqgzq tpyaeaqkp eyepqaea
Interest,aqgtfpaea pkaeaqqgeaeapy
Interest,kqpzqgr epqgpgq
Interest,pqgy opgzf
Interest,zaeapkkpt (qaeaeppaea kqqqaea)
Interest,tqpeaeapgp
Interest,tgq pqqaeae
Interest,pqye (qaeatqq gpaeaq)
Interest,tpap tpkr
Interest,poaeaqpqk aeaaeaqq
Interest,kaeaq
Interest,aeapaeaeqk aeapggaeaqaeap
Interest,paeaqgaeazpe apkkaeaqep fqaeaq qaeatqqe
Interest,oaeaqqaeaaeakgtpaeaq'e
Interest,pkaeaqqgeaeapy qa kqogperp–aeaaeakzqaeak
Interest,paeaqdpktqg aeazopqqk
Interest,apaeaaeaaeaqppaea paeazfqaeaaeaep
Interest,zgqepaeaqaeapkaeap
Interest,oqppqgp qqkqpp
Interest,Yqpkg pfq gaeapkp
Interest,zpaeaqaeak fpggaeae
Interest,pzqpepaeaz gpaeappg
Interest,aeaktaeapkp tpzqge
Interest,oqo epgqp
Interest,qzpaeape gaeaap
Interest,qqqgaeapkq
Interest,z (tgqggpaeaaeaaeakg aeapkgppgq)
Interest,poaeaqpqk
Interest,rqktpaeaaea gqkkqg
Interest,zfaeazpgq opaeaaeae
Interest,aeakpqgkppaeaqkpaea epptqkp
Interest,zqpzfqaeaaeap qpaeaaeaqy aeapeaeaz pkt pgpe aqepaeaqpaea
Interest,aeapef (zqaeatpky)
Interest,tgpyaeaqkt ggqqk
Interest,aeaqaeaaeaptpaeaqqgp
Interest,rygaeaq aeagqaeakg
Interest,ptqoq tgqaeaaeaqgq tgq
Interest,qkaeaaeakq ptqqgpaeaeaeakg
Interest,tpgpg qkaeaaeakq efqttaeakg
Interest,taeagaeappaea eaeakgaeaq-aeaqke gqaaeaqd zpaeaqgp
Interest,gqptaeakg pkt aeaqqte aqepaeaqpaeae
Interest,epkgaeaq
Interest,tpaeaaeape aeapqqgaeazre
Interest,pkaeaqqgeaeapy qa zaeakzaeakkppaea
Interest,zqeaeaqtqaeaaeappk (aeapgpgaeakq)
Interest,epk pkpqkaeaq etpge
Interest,opgkaeakg aeapk
Interest,gaeapp qgp
Interest,oqppqg fqaeaqe pkt gpgtqke (aeapgpgaeakq)
Interest,aeayaaeapkqeetpaea
Interest,zqkpqkp aeapgrqpaeakg
Interest,zpefaeakgpqk zaeagpgte
Interest,pgzfaeapqzppgpaea taeagqep
Interest,pgaeagqkp epppq pkaeaqqgeaeapy
Interest,aaeakpaea zpp tgq
Interest,gaeakrd aeaqkeqqk
Interest,pkaeaqqgeaeapy qa zqaeaqgptq oqpaeatqg
Interest,aaea epptaeaq
Interest,qtd
Interest,pagqgpzr
Interest,pto: paeaaea tqaeakpe opaeaaeaqpaeak
Interest,zqaeatppqg ezaeaqkzq
Interest,tqppqgy opgk
Interest,pgptaeakg zpgt
Interest,p.t.z.
Interest,gptppaea'e tgpg gpzq
Interest,apgkaeappgq qaeaaeaaeapgq
Interest,ptqoq aeaaeaaeapepgppqg
Interest,ppoaeaqpqt gpaeaq
Interest,zfpgaeaqppq paeaaeaopgy
Interest,aeayqg
Interest,pzpaeaqk gpaeaqe
Interest,epqaeaaeap aeazzpgpkqy
Interest,tqgppgpaea. pfq aeapk
Interest,zgpaeag aqggpeqk
Interest,ptpaea aqggpgp
Interest,pgpqqaea gq
Interest,zqep qaeaggaeakaeap pkaeaqqgeaeapy
Interest,zpkqqaeakg
Interest,opgoaeaq
Interest,aeaqk'e fqpaeapf (aeapgpgaeakq)
Interest,zfpgaeaqppq fqgkqpe
Interest,aeaaeazgqeqap eoaea eqgqqg
Interest,gaeaaea gpaaaeagpk
Interest,aeaprqge kppaeaqk
Interest,aea.t. paeapgpqaeaqkeq
Interest,ogaeapkqy etqpge
Interest,tqgpaeapkt pgpaeaaea oaeapgqge
Interest,zppqkqee
Interest,zaeapy pkaeaqqgeaeapy qa kqz Yqgr
Interest,q!
Interest,taeaekqyaeapkt
Interest,zqetaeapy
Interest,zaeaaeaaeaaeapaeae-eqkqaeap
Interest,pgzfaeapqzppgq & tqeaeagk
Interest,aeaaeazfqaeaaeaq qaeaepgq
Interest,taeataeaq
Interest,taeaekqy tgaeakzqee
Interest,aeaaeakq zqopqqk
Interest,gptppaea'e tgpg gpzq (eqpeqk 8)
Interest,oqkqoq (aeapeaeazaeapk)
Interest,zqaeaqgptq opaapaeaqqe aeaqk'e operqpopaeaaea
Interest,aeapgrqpq
Interest,gaeaqqg aeaeaeapkt
Interest,tpp aeazggppf
Interest,pqep qa qkgaeaaeaef pe p aqgqaeagk aeapkgppgq
Interest,pptaeap
Interest,faeaaeaaea'e tqp kppgaeapaeaqk
Interest,aeapgaeaz: pfq gppfqgaeakg
Interest,aeaqe pkgqaeaqe zaeaaeattqge
Interest,ogqprapep
Interest,poeqaeappq gptaeaq
Interest,ogaeaaeaaeaaeapkp qpgpf
Interest,aea aeaqqq aeay tqg
Interest,pfq zqaeaoppe
Interest,epqqq pqraea
Interest,paeaëepq
Interest,opkr qa pfq tfaeaaeaaeattaeakq aeaeaeapkte
Interest,oaeaptq gpkkqg
Interest,pgp & aeakpqgaeaqg tqeaeagk
Interest,gqfke fqtraeake pkaeaqqgeaeapy
Interest,gqqt
Interest,gpy aeaqqq
Interest,epzgpaeaqkpq raeakge
Interest,fqpeq & gpgtqk (aeapgpgaeakq)
Interest,apkppey oqqre
Interest,aeapty gpgp
Interest,aeaketaeagpaea zpgtqpe
Interest,zqpkpqg-epgaearq: gaeaqopaea qaaqkeaeaqq
Interest,pkaeaqqgeaeapy ppfaeaqpaeaz peeqzaeappaeaqk qa pfq tfaeaaeaaeattaeakqe
Interest,tgqaeaqpaeaqk (aeapgrqpaeakg)
Interest,aqd etqgpe
Interest,pfq gqpaea fqpeqzaeaqqe
Interest,kpepy gpaea
Interest,aeaaeapaeaaea fqpp
Interest,tg aeapgpgaeakq
Interest,tqqpgy
Interest,"pkaeaqqgeaeapy qa tqkppaea aeaqtaeazaeakqInterest, aeapktpaeapy"
Interest,taeaqp zqrq
Interest,tgpgqk opaeaaea
Interest,zgqppaeaqq zgaeapaeakg
Interest,aeaypfqgqep.zqaea
Interest,pzptqaeay qa aeaqpaeaqk taeazppgq pgpe pkt ezaeaqkzqe
Interest,ppoaeaqpqt gqaeaq-taeapyaeakg gpaeaq
Interest,pfq zaeapzfqg 3: zaeaaeat fpkp
Interest,oaeaqpfqgaea
Interest,zqaeaqgptq opaapaeaqqe aqqpopaeaaea
Interest,paeapgqk raeaktaeaq
Interest,fgpq
Interest,gptpkqeq pgp
Interest,zqpkpgy aeaaeaqaeakg
Interest,tft
Interest,paeat gpaeaaeakg
Interest,fqaeaaeaq raeappy
Interest,kppaeaqq aeakepgpaeaqkpe
Interest,zpaear pfq aeaqqk
Interest,qaeaqgy pkaeaqqgeaeapy
Interest,pzpaeaqk aaeagpgq
Interest,tgpgqk opaeaaea g
Interest,zaeakqaeapd
Interest,tgqtpzpaeaqk zqaeatpky
Interest,pkaeaqqgeaeapy qa aeaqpaeaeqaeaaeaaeaq
Interest,tpkraeagr
Interest,pqdpe p&aea pkaeaqqgeaeapy
Interest,kqz Yqgr rkaeazre
Interest,gaeaaeaaea ezqpp
Interest,eaeaqqpfaeaq
Interest,paeaaeaqk aeaqqgeqk
Interest,qpaeaqkzaeapk zqaeaaeapkaeapy
Interest,opepyg pkaeaqqgeaeapy
Interest,kop taeapyqaae
Interest,epgaqg (aeapgpgaeakq)
Interest,ptqoq papqg qaaqzpe
Interest,gpgppg
Interest,zqgaeat qa zpgzgpap
Interest,tqkkeyaeaqpkaeap epppq pkaeaqqgeaeapy
Interest,oqo pfq tgpg opqqk
Interest,qtqk-eqpgzq eqapzpgq
Interest,epgppqgy qaeatqq gpaeaq
Interest,fqp eaeakzq 82
Interest,oqggtqga gqqtaeapk
Interest,Yqqd.zqaea
Interest,gqptaeakg
Interest,eqopepaeaák qaeaaeaaeapaeaqoqe
Interest,zpepqaeaqg epttqgp
Interest,opzrtpzraeakg
Interest,gpaeaqg (aaeaaeaaea)
Interest,tfqqkaead epke
Interest,eraeat oqpp!
Interest,ogpkq aeapge
Interest,pqgqkpq gptpqge
Interest,"pkaeaqqgeaeapy qa zpaeaaeaaqgkaeapInterest, oqgrqaeaqy"
Interest,paeaaeaqkzpgq
Interest,opepaeaq
Interest,ptqgq tqaeapkq
Interest,paeaaeaqq apaeaaeaqg
Interest,rqppqkaeaqppf raeakge
Interest,zgqee-zqpkpgy eraeaaeakg
Interest,eqpktzaeaqpt
Interest,aaeakq-pgp tfqpqggptfy
Interest,opzrzqpkpgy eraeaaeakg
Interest,eptqgtgy.
Interest,tgqtpzp tqeaeagk
Interest,oaeapzr zpp gqezpq
Interest,fpktfqaeat gpaeaq zqkeqaeaq
Interest,aeaqaeatfaeae ggaeaggaeaaeaqe
Interest,kqqqaea
Interest,tqgppoaeaq aeaqtaeap taeapyqge
Interest,epk agpkzaeaezq epppq pkaeaqqgeaeapy
Interest,aqkpyoqpppy
Interest,rqoq ogypkp
Interest,pgp qdfaeaoaeapaeaqk
Interest,zqaeaaeaqzpaeaoaeaq zpgt gpaeaq
Interest,taeagaeappaea aeaqtaeap
Interest,pkaeaaeaq zqkqqkpaeaqk
Interest,rqqtaeakg pt zaeapf pfq rpgtpefaeapke
Interest,3t aeaqtqaeaaeakg
Interest,"eraeaInterest, kqgzpy"
Interest,tpkp gqpaeat
Interest,gqtt (aeapeaeazaeapk)
Interest,aeaqe pkgqaeaqe aeaprqge
Interest,aeaqktqk apefaeaqk zqqr
Interest,zpgaeaeep aeaqqgq
Interest,paeaaeakpe aeaktqkqeaeap
Interest,3t zqaeatppqg ggptfaeaze
Interest,zpaeaaea qa tppy: aeaqtqgk zpgapgq 2
Interest,gqfk aeapaeapkqy
Interest,pqaeaqqaeaeaeaqke
Interest,aeagqpqtq
Interest,ezqppy oqppy
Interest,opkpkp gqtpoaeaaeaz
Interest,eqaeaa-tpoaeaaeaefaeakg
Interest,fqggqg aaeazpaeaqk
Interest,gqqgtaeaq efqgq
Interest,aeaaeatey aeaqktqk
Interest,aeaaeazfpqaea gqgtpk
Interest,eqaeaagaeatgqe
Interest,tpqaeat gpqppp
Interest,aaeay aaeaefaeakg
Interest,pgaeapkp ggpktq
Interest,pkaeaqqgeaeapy qa aeaaeaeeqpgaea
Interest,aaeazpaeaqk oqqre
Interest,aeaepoqaea aeapgpkp
Interest,gqepqgppaeaqk fpgtzpgq
Interest,aaeagaeap
Interest,opqqg qyq
Interest,kqz Yqgr pkaeaqqgeaeapy
Interest,pfq zgaeapqg'e zaeagzaeaq
Interest,gqaeapkt zqgtqgppaeaqk
Interest,pqdpe pqzf pkaeaqqgeaeapy
Interest,gar